[{
  "_id": {
    "$oid": "697f9a33c3cf43be845f77d3"
  },
  "type": "group_join",
  "senderId": {
    "$oid": "697deb81102e784cb35541ca"
  },
  "receiverId": {
    "$oid": "697d9a811b376787bc6b0c19"
  },
  "groupId": {
    "$oid": "697f99b9c3cf43be845f77b5"
  },
  "message": "",
  "status": "accepted",
  "createdAt": {
    "$date": "2026-02-01T18:23:47.749Z"
  },
  "updatedAt": {
    "$date": "2026-02-01T18:23:52.414Z"
  },
  "__v": 0
},
{
  "_id": {
    "$oid": "697f9a38c3cf43be845f77df"
  },
  "type": "group_join_accepted",
  "senderId": {
    "$oid": "697d9a811b376787bc6b0c19"
  },
  "receiverId": {
    "$oid": "697deb81102e784cb35541ca"
  },
  "groupId": {
    "$oid": "697f99b9c3cf43be845f77b5"
  },
  "message": "✨ MISSION ACCOMPLISHED: You're in! ✨\n\nHi there! I'm thrilled to welcome you to FWEB React Study Group. We're coming together to master FWEB and I'm glad to have you with us.\n\n📅 OUR SCHEDULE\nEvery: Wed\nTime: 19:00 to 21:00\n\n📍 WHERE WE MEET\nLocation: library level3\nNote: These sessions are held strictly at Temasek Polytechnic campus for TP students only.\n\n💡 NEXT STEPS:\n1. Mark these dates in your calendar so you don't miss out.\n2. Review any upcoming materials for FWEB.\n3. Bring your questions and a positive vibe!\nThis group is held exclusively at Temasek Polytechnic for TP students only. Please ensure you have your student ID ready for verification.\n\n📧 CONTACT & MS TEAMS\nIf you have questions, reach out,contact me (Admin: Danish) via MS Teams or Email:\nContact: D1001@student.tp.edu.sg\n\nI've set this group up for a maximum of X people to keep our sessions focused.\nLooking forward to our first session! 🚀",
  "status": "info",
  "createdAt": {
    "$date": "2026-02-01T18:23:52.421Z"
  },
  "updatedAt": {
    "$date": "2026-02-01T18:23:52.421Z"
  },
  "__v": 0
},
{
  "_id": {
    "$oid": "697f9b01c3cf43be845f7800"
  },
  "type": "group_join",
  "senderId": {
    "$oid": "697d9a811b376787bc6b0c19"
  },
  "receiverId": {
    "$oid": "697deb81102e784cb35541ca"
  },
  "groupId": {
    "$oid": "697f9ad4c3cf43be845f77f0"
  },
  "message": "",
  "status": "accepted",
  "createdAt": {
    "$date": "2026-02-01T18:27:13.781Z"
  },
  "updatedAt": {
    "$date": "2026-02-01T18:27:23.014Z"
  },
  "__v": 0
},
{
  "_id": {
    "$oid": "697f9b0bc3cf43be845f780c"
  },
  "type": "group_join_accepted",
  "senderId": {
    "$oid": "697deb81102e784cb35541ca"
  },
  "receiverId": {
    "$oid": "697d9a811b376787bc6b0c19"
  },
  "groupId": {
    "$oid": "697f9ad4c3cf43be845f77f0"
  },
  "message": "✨ MISSION ACCOMPLISHED: You're in! ✨\n\nHi there! I'm thrilled to welcome you to ITAD Fundamentals Group. We're coming together to master ITAD and I'm glad to have you with us.\n\n📅 OUR SCHEDULE\nEvery: Fri, Tue\nTime: 16:00 to 18:30\n\n📍 WHERE WE MEET\nLocation: library level 5\nNote: These sessions are held strictly at Temasek Polytechnic campus for TP students only.\n\n💡 NEXT STEPS:\n1. Mark these dates in your calendar so you don't miss out.\n2. Review any upcoming materials for ITAD.\n3. Bring your questions and a positive vibe!\nThis group is held exclusively at Temasek Polytechnic for TP students only. Please ensure you have your student ID ready for verification.\n\n📧 CONTACT & MS TEAMS\nIf you have questions, reach out,contact me (Admin: Dylan) via MS Teams or Email:\nContact: D1002@student.tp.edu.sg\n\nI've set this group up for a maximum of 5 people to keep our sessions focused.\nLooking forward to our first session! 🚀",
  "status": "info",
  "createdAt": {
    "$date": "2026-02-01T18:27:23.022Z"
  },
  "updatedAt": {
    "$date": "2026-02-01T18:27:23.022Z"
  },
  "__v": 0
},
{
  "_id": {
    "$oid": "697f9b51c3cf43be845f782c"
  },
  "type": "tutor_booking",
  "senderId": {
    "$oid": "697d9a811b376787bc6b0c19"
  },
  "receiverId": {
    "$oid": "697d98d31b376787bc6b0c05"
  },
  "tutorId": {
    "$oid": "697f988bc3cf43be845f7796"
  },
  "message": "New tutoring session request",
  "sessionId": {
    "$oid": "697f9b51c3cf43be845f7829"
  },
  "status": "accepted",
  "createdAt": {
    "$date": "2026-02-01T18:28:33.394Z"
  },
  "updatedAt": {
    "$date": "2026-02-01T18:48:47.072Z"
  },
  "__v": 0
},
{
  "_id": {
    "$oid": "697fa00f756d033a7121592b"
  },
  "type": "tutor_booking_accepted",
  "senderId": {
    "$oid": "697d98d31b376787bc6b0c05"
  },
  "receiverId": {
    "$oid": "697d9a811b376787bc6b0c19"
  },
  "tutorId": {
    "$oid": "697f988bc3cf43be845f7796"
  },
  "message": "Your tutoring session is confirmed.\n      Date: 2026-02-16\n      Time: 16:30–18:30\n      Module: FWEB",
  "status": "info",
  "createdAt": {
    "$date": "2026-02-01T18:48:47.081Z"
  },
  "updatedAt": {
    "$date": "2026-02-01T18:48:47.081Z"
  },
  "__v": 0
}]